id,slug,name,category,metaTitle,metaDescription,metaKeywords
3226,organic-honeydew-melon-seeds-char-magaz-200002,Organic Honeydew Melon Seeds (Char Magaz),,Organic Honeydew Melon Seeds (Char Magaz) in Pakistan | Chitral Hive,Organic Honeydew Melon Seeds (Char Magaz) in Chitrali Honey from Chitral Hive. Why you’ll love it: - Authentic Chitrali ,"Organic Honeydew Melon Seeds (Char Magaz) Pakistan, buy Organic Honeydew Melon Seeds (Char Magaz) online Pakistan, Organic Honeydew Melon Seeds (Char Magaz) price in Pakistan, pure honey Pakistan, honey price in Pakistan, raw honey, Sidr honey, wild honey, organic honey, buy honey online Pakistan, buy online Pakistan, price in Pakistan, original, pure, authentic, cash on delivery, home delivery, nationwide delivery, best price, latest price, Pakistan, Karachi, Lahore, Islamabad, Rawalpindi, Peshawar, Chitral Hive"
3247,organic-honeydew-melon-seeds-char-magaz-200023,Organic Honeydew Melon Seeds (Char Magaz),,Organic Honeydew Melon Seeds (Char Magaz) in Pakistan | Chitral Hive,Organic Honeydew Melon Seeds (Char Magaz) in Chitrali Honey from Chitral Hive. Why you’ll love it: - Authentic Chitrali ,"Organic Honeydew Melon Seeds (Char Magaz) Pakistan, buy Organic Honeydew Melon Seeds (Char Magaz) online Pakistan, Organic Honeydew Melon Seeds (Char Magaz) price in Pakistan, pure honey Pakistan, honey price in Pakistan, raw honey, Sidr honey, wild honey, organic honey, buy honey online Pakistan, buy online Pakistan, price in Pakistan, original, pure, authentic, cash on delivery, home delivery, nationwide delivery, best price, latest price, Pakistan, Karachi, Lahore, Islamabad, Rawalpindi, Peshawar, Chitral Hive"
3256,shilajit-capsules-60-count-200032,Shilajit Capsules 60 count,,Shilajit Capsules 60 count in Pakistan | Chitral Hive,Shilajit Capsules 60 count in Salajit from Chitral Hive. Why you’ll love it: - Authentic Chitrali quality - Carefully pa,"Shilajit Capsules 60 count Pakistan, buy Shilajit Capsules 60 count online Pakistan, Shilajit Capsules 60 count price in Pakistan, Shilajit Pakistan, Salajeet Pakistan, سلاجیت, Himalayan Shilajit, Chitral Shilajit, pure Shilajit resin, original Salajeet, Shilajit price in Pakistan, buy Shilajit online Pakistan, buy online Pakistan, price in Pakistan, original, pure, authentic, cash on delivery, home delivery, nationwide delivery, best price, latest price, Pakistan, Karachi, Lahore, Islamabad, Rawalpindi, Peshawar"
3257,shilajit-capsules-30-count-200033,Shilajit Capsules 30 count,,Shilajit Capsules 30 count in Pakistan | Chitral Hive,Shilajit Capsules 30 count in Salajit from Chitral Hive. Why you’ll love it: - Authentic Chitrali quality - Carefully pa,"Shilajit Capsules 30 count Pakistan, buy Shilajit Capsules 30 count online Pakistan, Shilajit Capsules 30 count price in Pakistan, Shilajit Pakistan, Salajeet Pakistan, سلاجیت, Himalayan Shilajit, Chitral Shilajit, pure Shilajit resin, original Salajeet, Shilajit price in Pakistan, buy Shilajit online Pakistan, buy online Pakistan, price in Pakistan, original, pure, authentic, cash on delivery, home delivery, nationwide delivery, best price, latest price, Pakistan, Karachi, Lahore, Islamabad, Rawalpindi, Peshawar"
3260,4-in-1-shilajit-wellness-pack-200036,4-in-1 Shilajit Wellness Pack,,4-in-1 Shilajit Wellness Pack in Pakistan | Chitral Hive,4-in-1 Shilajit Wellness Pack in Salajit from Chitral Hive. Why you’ll love it: - Authentic Chitrali quality - Carefully,"4-in-1 Shilajit Wellness Pack Pakistan, buy 4-in-1 Shilajit Wellness Pack online Pakistan, 4-in-1 Shilajit Wellness Pack price in Pakistan, Shilajit Pakistan, Salajeet Pakistan, سلاجیت, Himalayan Shilajit, Chitral Shilajit, pure Shilajit resin, original Salajeet, Shilajit price in Pakistan, buy Shilajit online Pakistan, buy online Pakistan, price in Pakistan, original, pure, authentic, cash on delivery, home delivery, nationwide delivery, best price, latest price, Pakistan, Karachi, Lahore, Islamabad, Rawalpindi, Peshawar"
3261,honey-shilajit-30-sachet-pack-200037,Honey Shilajit 30 Sachet Pack,,Honey Shilajit 30 Sachet Pack in Pakistan | Chitral Hive,Honey Shilajit 30 Sachet Pack in Salajit from Chitral Hive. Why you’ll love it: - Authentic Chitrali quality - Carefully,"Honey Shilajit 30 Sachet Pack Pakistan, buy Honey Shilajit 30 Sachet Pack online Pakistan, Honey Shilajit 30 Sachet Pack price in Pakistan, Shilajit Pakistan, Salajeet Pakistan, سلاجیت, Himalayan Shilajit, Chitral Shilajit, pure Shilajit resin, original Salajeet, Shilajit price in Pakistan, buy Shilajit online Pakistan, buy online Pakistan, price in Pakistan, original, pure, authentic, cash on delivery, home delivery, nationwide delivery, best price, latest price, Pakistan, Karachi, Lahore, Islamabad, Rawalpindi, Peshawar"
3262,honey-shilajit-15-sachet-pack-200038,Honey Shilajit 15 Sachet Pack,,Honey Shilajit 15 Sachet Pack in Pakistan | Chitral Hive,Honey Shilajit 15 Sachet Pack in Salajit from Chitral Hive. Why you’ll love it: - Authentic Chitrali quality - Carefully,"Honey Shilajit 15 Sachet Pack Pakistan, buy Honey Shilajit 15 Sachet Pack online Pakistan, Honey Shilajit 15 Sachet Pack price in Pakistan, Shilajit Pakistan, Salajeet Pakistan, سلاجیت, Himalayan Shilajit, Chitral Shilajit, pure Shilajit resin, original Salajeet, Shilajit price in Pakistan, buy Shilajit online Pakistan, buy online Pakistan, price in Pakistan, original, pure, authentic, cash on delivery, home delivery, nationwide delivery, best price, latest price, Pakistan, Karachi, Lahore, Islamabad, Rawalpindi, Peshawar"
3263,shilajit-gummies-60-count-200039,Shilajit Gummies 60 Count,,Shilajit Gummies 60 Count in Pakistan | Chitral Hive,Shilajit Gummies 60 Count in Salajit from Chitral Hive. Why you’ll love it: - Authentic Chitrali quality - Carefully pac,"Shilajit Gummies 60 Count Pakistan, buy Shilajit Gummies 60 Count online Pakistan, Shilajit Gummies 60 Count price in Pakistan, Shilajit Pakistan, Salajeet Pakistan, سلاجیت, Himalayan Shilajit, Chitral Shilajit, pure Shilajit resin, original Salajeet, Shilajit price in Pakistan, buy Shilajit online Pakistan, buy online Pakistan, price in Pakistan, original, pure, authentic, cash on delivery, home delivery, nationwide delivery, best price, latest price, Pakistan, Karachi, Lahore, Islamabad, Rawalpindi, Peshawar"
3264,shilajit-gummies-40-count-200040,Shilajit Gummies 40 Count,,Shilajit Gummies 40 Count in Pakistan | Chitral Hive,Shilajit Gummies 40 Count in Salajit from Chitral Hive. Why you’ll love it: - Authentic Chitrali quality - Carefully pac,"Shilajit Gummies 40 Count Pakistan, buy Shilajit Gummies 40 Count online Pakistan, Shilajit Gummies 40 Count price in Pakistan, Shilajit Pakistan, Salajeet Pakistan, سلاجیت, Himalayan Shilajit, Chitral Shilajit, pure Shilajit resin, original Salajeet, Shilajit price in Pakistan, buy Shilajit online Pakistan, buy online Pakistan, price in Pakistan, original, pure, authentic, cash on delivery, home delivery, nationwide delivery, best price, latest price, Pakistan, Karachi, Lahore, Islamabad, Rawalpindi, Peshawar"
3266,shilajit-power-bundle-60g-shilajit-30ml-drops-200042,Shilajit Power Bundle – 60g Shilajit + 30ml Drops,,Shilajit Power Bundle – 60g Shilajit + 30ml Drops in Pakistan | Chitral Hive,Shilajit Power Bundle – 60g Shilajit + 30ml Drops in Salajit from Chitral Hive. Why you’ll love it: - Authentic Chitrali,"Shilajit Power Bundle – 60g Shilajit + 30ml Drops Pakistan, buy Shilajit Power Bundle – 60g Shilajit + 30ml Drops online Pakistan, Shilajit Power Bundle – 60g Shilajit + 30ml Drops price in Pakistan, Shilajit Pakistan, Salajeet Pakistan, سلاجیت, Himalayan Shilajit, Chitral Shilajit, pure Shilajit resin, original Salajeet, Shilajit price in Pakistan, buy Shilajit online Pakistan, buy online Pakistan, price in Pakistan, original, pure, authentic, cash on delivery, home delivery, nationwide delivery, best price, latest price, Pakistan, Karachi, Lahore, Islamabad, Rawalpindi, Peshawar"
3267,shilajit-drops-30ml-200043,Shilajit Drops 30ml,,Shilajit Drops 30ml in Pakistan | Chitral Hive,Shilajit Drops 30ml in Salajit from Chitral Hive. Why you’ll love it: - Authentic Chitrali quality - Carefully packed fo,"Shilajit Drops 30ml Pakistan, buy Shilajit Drops 30ml online Pakistan, Shilajit Drops 30ml price in Pakistan, Shilajit Pakistan, Salajeet Pakistan, سلاجیت, Himalayan Shilajit, Chitral Shilajit, pure Shilajit resin, original Salajeet, Shilajit price in Pakistan, buy Shilajit online Pakistan, buy online Pakistan, price in Pakistan, original, pure, authentic, cash on delivery, home delivery, nationwide delivery, best price, latest price, Pakistan, Karachi, Lahore, Islamabad, Rawalpindi, Peshawar"
3270,shilajit-10g-200046,Shilajit 10g,,Shilajit 10g in Pakistan | Chitral Hive,Shilajit 10g in Salajit from Chitral Hive. Why you’ll love it: - Authentic Chitrali quality - Carefully packed for fresh,"Shilajit 10g Pakistan, buy Shilajit 10g online Pakistan, Shilajit 10g price in Pakistan, Shilajit Pakistan, Salajeet Pakistan, سلاجیت, Himalayan Shilajit, Chitral Shilajit, pure Shilajit resin, original Salajeet, Shilajit price in Pakistan, buy Shilajit online Pakistan, buy online Pakistan, price in Pakistan, original, pure, authentic, cash on delivery, home delivery, nationwide delivery, best price, latest price, Pakistan, Karachi, Lahore, Islamabad, Rawalpindi, Peshawar"
3271,shilajit-20g-200047,Shilajit 20g,,Shilajit 20g in Pakistan | Chitral Hive,Shilajit 20g in Salajit from Chitral Hive. Why you’ll love it: - Authentic Chitrali quality - Carefully packed for fresh,"Shilajit 20g Pakistan, buy Shilajit 20g online Pakistan, Shilajit 20g price in Pakistan, Shilajit Pakistan, Salajeet Pakistan, سلاجیت, Himalayan Shilajit, Chitral Shilajit, pure Shilajit resin, original Salajeet, Shilajit price in Pakistan, buy Shilajit online Pakistan, buy online Pakistan, price in Pakistan, original, pure, authentic, cash on delivery, home delivery, nationwide delivery, best price, latest price, Pakistan, Karachi, Lahore, Islamabad, Rawalpindi, Peshawar"
3272,shilajit-30g-200048,Shilajit 30g,,Shilajit 30g in Pakistan | Chitral Hive,Shilajit 30g in Salajit from Chitral Hive. Why you’ll love it: - Authentic Chitrali quality - Carefully packed for fresh,"Shilajit 30g Pakistan, buy Shilajit 30g online Pakistan, Shilajit 30g price in Pakistan, Shilajit Pakistan, Salajeet Pakistan, سلاجیت, Himalayan Shilajit, Chitral Shilajit, pure Shilajit resin, original Salajeet, Shilajit price in Pakistan, buy Shilajit online Pakistan, buy online Pakistan, price in Pakistan, original, pure, authentic, cash on delivery, home delivery, nationwide delivery, best price, latest price, Pakistan, Karachi, Lahore, Islamabad, Rawalpindi, Peshawar"
3276,4-in-1-shilajit-wellness-pack-200052,4-in-1 Shilajit Wellness Pack,,4-in-1 Shilajit Wellness Pack in Pakistan | Chitral Hive,4-in-1 Shilajit Wellness Pack in Salajit from Chitral Hive. Why you’ll love it: - Authentic Chitrali quality - Carefully,"4-in-1 Shilajit Wellness Pack Pakistan, buy 4-in-1 Shilajit Wellness Pack online Pakistan, 4-in-1 Shilajit Wellness Pack price in Pakistan, Shilajit Pakistan, Salajeet Pakistan, سلاجیت, Himalayan Shilajit, Chitral Shilajit, pure Shilajit resin, original Salajeet, Shilajit price in Pakistan, buy Shilajit online Pakistan, buy online Pakistan, price in Pakistan, original, pure, authentic, cash on delivery, home delivery, nationwide delivery, best price, latest price, Pakistan, Karachi, Lahore, Islamabad, Rawalpindi, Peshawar"
3281,honey-shilajit-15-sachet-pack-200057,Honey Shilajit 15 Sachet Pack,,Honey Shilajit 15 Sachet Pack in Pakistan | Chitral Hive,Honey Shilajit 15 Sachet Pack in Salajit from Chitral Hive. Why you’ll love it: - Authentic Chitrali quality - Carefully,"Honey Shilajit 15 Sachet Pack Pakistan, buy Honey Shilajit 15 Sachet Pack online Pakistan, Honey Shilajit 15 Sachet Pack price in Pakistan, Shilajit Pakistan, Salajeet Pakistan, سلاجیت, Himalayan Shilajit, Chitral Shilajit, pure Shilajit resin, original Salajeet, Shilajit price in Pakistan, buy Shilajit online Pakistan, buy online Pakistan, price in Pakistan, original, pure, authentic, cash on delivery, home delivery, nationwide delivery, best price, latest price, Pakistan, Karachi, Lahore, Islamabad, Rawalpindi, Peshawar"
3282,honey-shilajit-30-sachet-pack-200058,Honey Shilajit 30 Sachet Pack,,Honey Shilajit 30 Sachet Pack in Pakistan | Chitral Hive,Honey Shilajit 30 Sachet Pack in Salajit from Chitral Hive. Why you’ll love it: - Authentic Chitrali quality - Carefully,"Honey Shilajit 30 Sachet Pack Pakistan, buy Honey Shilajit 30 Sachet Pack online Pakistan, Honey Shilajit 30 Sachet Pack price in Pakistan, Shilajit Pakistan, Salajeet Pakistan, سلاجیت, Himalayan Shilajit, Chitral Shilajit, pure Shilajit resin, original Salajeet, Shilajit price in Pakistan, buy Shilajit online Pakistan, buy online Pakistan, price in Pakistan, original, pure, authentic, cash on delivery, home delivery, nationwide delivery, best price, latest price, Pakistan, Karachi, Lahore, Islamabad, Rawalpindi, Peshawar"
3286,complete-shilajit-salajeet-collection-4-in-1-wellness-pack-200062,Complete Shilajit (Salajeet) Collection – 4-in-1 Wellness Pack,,Complete Shilajit (Salajeet) Collection – 4-in-1 Wellness Pack in Pakistan | Chitral Hive,Complete Shilajit (Salajeet) Collection – 4-in-1 Wellness Pack in Salajit from Chitral Hive. Why you’ll love it: - Authe,"Complete Shilajit (Salajeet) Collection – 4-in-1 Wellness Pack Pakistan, buy Complete Shilajit (Salajeet) Collection – 4-in-1 Wellness Pack online Pakistan, Complete Shilajit (Salajeet) Collection – 4-in-1 Wellness Pack price in Pakistan, Shilajit Pakistan, Salajeet Pakistan, سلاجیت, Himalayan Shilajit, Chitral Shilajit, pure Shilajit resin, original Salajeet, Shilajit price in Pakistan, buy Shilajit online Pakistan, buy online Pakistan, price in Pakistan, original, pure, authentic, cash on delivery, home delivery, nationwide delivery, best price, latest price, Pakistan, Karachi, Lahore, Islamabad, Rawalpindi, Peshawar"
3289,buy-shilajit-salajeet-capsules-60-count-in-pakistan-chitral-house-200065,Buy Shilajit (Salajeet) Capsules 60 Count in Pakistan – Chitral House,,Shilajit (Salajeet) Capsules 60 Count in Pakistan – Chitral House in Pakistan | Chitral Hive,Buy Shilajit (Salajeet) Capsules 60 Count in Pakistan – Chitral House in Salajit from Chitral Hive. Why you’ll love it: ,"Buy Shilajit (Salajeet) Capsules 60 Count in Pakistan – Chitral House Pakistan, buy Buy Shilajit (Salajeet) Capsules 60 Count in Pakistan – Chitral House online Pakistan, Buy Shilajit (Salajeet) Capsules 60 Count in Pakistan – Chitral House price in Pakistan, Shilajit Pakistan, Salajeet Pakistan, سلاجیت, Himalayan Shilajit, Chitral Shilajit, pure Shilajit resin, original Salajeet, Shilajit price in Pakistan, buy Shilajit online Pakistan, buy online Pakistan, price in Pakistan, original, pure, authentic, cash on delivery, home delivery, nationwide delivery, best price, latest price, Pakistan, Karachi, Lahore, Islamabad, Rawalpindi, Peshawar"
3290,buy-shilajit-salajeet-capsules-30-count-in-pakistan-chitral-house-200066,Buy Shilajit (Salajeet) Capsules 30 Count in Pakistan – Chitral House,,Shilajit (Salajeet) Capsules 30 Count in Pakistan – Chitral House in Pakistan | Chitral Hive,Buy Shilajit (Salajeet) Capsules 30 Count in Pakistan – Chitral House in Salajit from Chitral Hive. Why you’ll love it: ,"Buy Shilajit (Salajeet) Capsules 30 Count in Pakistan – Chitral House Pakistan, buy Buy Shilajit (Salajeet) Capsules 30 Count in Pakistan – Chitral House online Pakistan, Buy Shilajit (Salajeet) Capsules 30 Count in Pakistan – Chitral House price in Pakistan, Shilajit Pakistan, Salajeet Pakistan, سلاجیت, Himalayan Shilajit, Chitral Shilajit, pure Shilajit resin, original Salajeet, Shilajit price in Pakistan, buy Shilajit online Pakistan, buy online Pakistan, price in Pakistan, original, pure, authentic, cash on delivery, home delivery, nationwide delivery, best price, latest price, Pakistan, Karachi, Lahore, Islamabad, Rawalpindi, Peshawar"
3291,honey-shilajit-salajeet-30-sachet-pack-pure-himalayan-salajeet-with-honey-200067,🍯 Honey Shilajit (Salajeet) 30 Sachet Pack – Pure Himalayan Salajeet with Honey,,🍯 Honey Shilajit (Salajeet) 30 Sachet Pack – Pure Himalayan Salajeet with Honey in Pakistan | Chitral Hive,🍯 Honey Shilajit (Salajeet) 30 Sachet Pack – Pure Himalayan Salajeet with Honey in Salajit from Chitral Hive. Why you’l,"🍯 Honey Shilajit (Salajeet) 30 Sachet Pack – Pure Himalayan Salajeet with Honey Pakistan, buy 🍯 Honey Shilajit (Salajeet) 30 Sachet Pack – Pure Himalayan Salajeet with Honey online Pakistan, 🍯 Honey Shilajit (Salajeet) 30 Sachet Pack – Pure Himalayan Salajeet with Honey price in Pakistan, Shilajit Pakistan, Salajeet Pakistan, سلاجیت, Himalayan Shilajit, Chitral Shilajit, pure Shilajit resin, original Salajeet, Shilajit price in Pakistan, buy Shilajit online Pakistan, buy online Pakistan, price in Pakistan, original, pure, authentic, cash on delivery, home delivery, nationwide delivery, best price, latest price, Pakistan, Karachi, Lahore, Islamabad, Rawalpindi, Peshawar"
3292,honey-shilajit-salajeet-15-sachet-pack-pure-himalayan-salajeet-with-honey-200068,🍯 Honey Shilajit (Salajeet) 15 Sachet Pack – Pure Himalayan Salajeet with Honey,,🍯 Honey Shilajit (Salajeet) 15 Sachet Pack – Pure Himalayan Salajeet with Honey in Pakistan | Chitral Hive,🍯 Honey Shilajit (Salajeet) 15 Sachet Pack – Pure Himalayan Salajeet with Honey in Salajit from Chitral Hive. Why you’l,"🍯 Honey Shilajit (Salajeet) 15 Sachet Pack – Pure Himalayan Salajeet with Honey Pakistan, buy 🍯 Honey Shilajit (Salajeet) 15 Sachet Pack – Pure Himalayan Salajeet with Honey online Pakistan, 🍯 Honey Shilajit (Salajeet) 15 Sachet Pack – Pure Himalayan Salajeet with Honey price in Pakistan, Shilajit Pakistan, Salajeet Pakistan, سلاجیت, Himalayan Shilajit, Chitral Shilajit, pure Shilajit resin, original Salajeet, Shilajit price in Pakistan, buy Shilajit online Pakistan, buy online Pakistan, price in Pakistan, original, pure, authentic, cash on delivery, home delivery, nationwide delivery, best price, latest price, Pakistan, Karachi, Lahore, Islamabad, Rawalpindi, Peshawar"
3293,buy-pure-himalayan-shilajit-salajeet-gummies-60-count-online-chitral-house-200069,Buy Pure Himalayan Shilajit (Salajeet) Gummies 60 Count Online – Chitral House,,Pure Himalayan Shilajit (Salajeet) Gummies 60 Count Online – Chitral House in Pakistan | Chitral Hive,Buy Pure Himalayan Shilajit (Salajeet) Gummies 60 Count Online – Chitral House in Salajit from Chitral Hive. Why you’ll ,"Buy Pure Himalayan Shilajit (Salajeet) Gummies 60 Count Online – Chitral House Pakistan, buy Buy Pure Himalayan Shilajit (Salajeet) Gummies 60 Count Online – Chitral House online Pakistan, Buy Pure Himalayan Shilajit (Salajeet) Gummies 60 Count Online – Chitral House price in Pakistan, Shilajit Pakistan, Salajeet Pakistan, سلاجیت, Himalayan Shilajit, Chitral Shilajit, pure Shilajit resin, original Salajeet, Shilajit price in Pakistan, buy Shilajit online Pakistan, buy online Pakistan, price in Pakistan, original, pure, authentic, cash on delivery, home delivery, nationwide delivery, best price, latest price, Pakistan, Karachi, Lahore, Islamabad, Rawalpindi, Peshawar"
3294,buy-pure-himalayan-shilajit-salajeet-gummies-40-count-online-chitral-house-200070,Buy Pure Himalayan Shilajit (Salajeet) Gummies 40 Count Online – Chitral House,,Pure Himalayan Shilajit (Salajeet) Gummies 40 Count Online – Chitral House in Pakistan | Chitral Hive,Buy Pure Himalayan Shilajit (Salajeet) Gummies 40 Count Online – Chitral House in Salajit from Chitral Hive. Why you’ll ,"Buy Pure Himalayan Shilajit (Salajeet) Gummies 40 Count Online – Chitral House Pakistan, buy Buy Pure Himalayan Shilajit (Salajeet) Gummies 40 Count Online – Chitral House online Pakistan, Buy Pure Himalayan Shilajit (Salajeet) Gummies 40 Count Online – Chitral House price in Pakistan, Shilajit Pakistan, Salajeet Pakistan, سلاجیت, Himalayan Shilajit, Chitral Shilajit, pure Shilajit resin, original Salajeet, Shilajit price in Pakistan, buy Shilajit online Pakistan, buy online Pakistan, price in Pakistan, original, pure, authentic, cash on delivery, home delivery, nationwide delivery, best price, latest price, Pakistan, Karachi, Lahore, Islamabad, Rawalpindi, Peshawar"
3295,special-offer-buy-60g-shilajit-get-10g-free-200071,Special Offer – Buy 60g Shilajit & Get 10g Free! 🎁,,Special Offer – Buy 60g Shilajit & Get 10g Free! 🎁 in Pakistan | Chitral Hive,Special Offer – Buy 60g Shilajit & Get 10g Free! 🎁 in Salajit from Chitral Hive. Why you’ll love it: - Authentic Chitra,"Special Offer – Buy 60g Shilajit & Get 10g Free! 🎁 Pakistan, buy Special Offer – Buy 60g Shilajit & Get 10g Free! 🎁 online Pakistan, Special Offer – Buy 60g Shilajit & Get 10g Free! 🎁 price in Pakistan, Shilajit Pakistan, Salajeet Pakistan, سلاجیت, Himalayan Shilajit, Chitral Shilajit, pure Shilajit resin, original Salajeet, Shilajit price in Pakistan, buy Shilajit online Pakistan, buy online Pakistan, price in Pakistan, original, pure, authentic, cash on delivery, home delivery, nationwide delivery, best price, latest price, Pakistan, Karachi, Lahore, Islamabad, Rawalpindi, Peshawar"
3296,60g-shilajit-30ml-drops-resin-drops-for-maximum-strength-200072,60g Shilajit + 30ml –  Drops Resin & Drops for Maximum Strength,,60g Shilajit + 30ml –  Drops Resin & Drops for Maximum Strength in Pakistan | Chitral Hive,60g Shilajit + 30ml – Drops Resin & Drops for Maximum Strength in Salajit from Chitral Hive. Why you’ll love it: - Authe,"60g Shilajit + 30ml –  Drops Resin & Drops for Maximum Strength Pakistan, buy 60g Shilajit + 30ml –  Drops Resin & Drops for Maximum Strength online Pakistan, 60g Shilajit + 30ml –  Drops Resin & Drops for Maximum Strength price in Pakistan, Shilajit Pakistan, Salajeet Pakistan, سلاجیت, Himalayan Shilajit, Chitral Shilajit, pure Shilajit resin, original Salajeet, Shilajit price in Pakistan, buy Shilajit online Pakistan, buy online Pakistan, price in Pakistan, original, pure, authentic, cash on delivery, home delivery, nationwide delivery, best price, latest price, Pakistan, Karachi, Lahore, Islamabad, Rawalpindi, Peshawar"
3297,buy-30ml-shilajit-drops-in-pakistan-chitral-house-premium-himalayan-liquid-200073,Buy 30ml Shilajit Drops in Pakistan – Chitral House Premium Himalayan Liquid,,30ml Shilajit Drops in Pakistan – Chitral House Premium Himalayan Liquid in Pakistan | Chitral Hive,Buy 30ml Shilajit Drops in Pakistan – Chitral House Premium Himalayan Liquid in Salajit from Chitral Hive. Why you’ll lo,"Buy 30ml Shilajit Drops in Pakistan – Chitral House Premium Himalayan Liquid Pakistan, buy Buy 30ml Shilajit Drops in Pakistan – Chitral House Premium Himalayan Liquid online Pakistan, Buy 30ml Shilajit Drops in Pakistan – Chitral House Premium Himalayan Liquid price in Pakistan, Shilajit Pakistan, Salajeet Pakistan, سلاجیت, Himalayan Shilajit, Chitral Shilajit, pure Shilajit resin, original Salajeet, Shilajit price in Pakistan, buy Shilajit online Pakistan, buy online Pakistan, price in Pakistan, original, pure, authentic, cash on delivery, home delivery, nationwide delivery, best price, latest price, Pakistan, Karachi, Lahore, Islamabad, Rawalpindi, Peshawar"
3298,buy-10g-shilajit-in-pakistan-pure-himalayan-resin-for-energy-wellness-200074,Buy 10g Shilajit in Pakistan – Pure Himalayan Resin for Energy & Wellness,,10g Shilajit in Pakistan – Pure Himalayan Resin for Energy & Wellness in Pakistan | Chitral Hive,Buy 10g Shilajit in Pakistan – Pure Himalayan Resin for Energy & Wellness in Salajit from Chitral Hive. Why you’ll love ,"Buy 10g Shilajit in Pakistan – Pure Himalayan Resin for Energy & Wellness Pakistan, buy Buy 10g Shilajit in Pakistan – Pure Himalayan Resin for Energy & Wellness online Pakistan, Buy 10g Shilajit in Pakistan – Pure Himalayan Resin for Energy & Wellness price in Pakistan, Shilajit Pakistan, Salajeet Pakistan, سلاجیت, Himalayan Shilajit, Chitral Shilajit, pure Shilajit resin, original Salajeet, Shilajit price in Pakistan, buy Shilajit online Pakistan, buy online Pakistan, price in Pakistan, original, pure, authentic, cash on delivery, home delivery, nationwide delivery, best price, latest price, Pakistan, Karachi, Lahore, Islamabad, Rawalpindi, Peshawar"
3299,buy-20g-shilajit-in-pakistan-chitral-house-premium-himalayan-resin-200075,Buy 20g Shilajit in Pakistan – Chitral House Premium Himalayan Resin,,20g Shilajit in Pakistan – Chitral House Premium Himalayan Resin in Pakistan | Chitral Hive,Buy 20g Shilajit in Pakistan – Chitral House Premium Himalayan Resin in Salajit from Chitral Hive. Why you’ll love it: -,"Buy 20g Shilajit in Pakistan – Chitral House Premium Himalayan Resin Pakistan, buy Buy 20g Shilajit in Pakistan – Chitral House Premium Himalayan Resin online Pakistan, Buy 20g Shilajit in Pakistan – Chitral House Premium Himalayan Resin price in Pakistan, Shilajit Pakistan, Salajeet Pakistan, سلاجیت, Himalayan Shilajit, Chitral Shilajit, pure Shilajit resin, original Salajeet, Shilajit price in Pakistan, buy Shilajit online Pakistan, buy online Pakistan, price in Pakistan, original, pure, authentic, cash on delivery, home delivery, nationwide delivery, best price, latest price, Pakistan, Karachi, Lahore, Islamabad, Rawalpindi, Peshawar"
3300,buy-30g-shilajit-in-pakistan-chitral-house-premium-himalayan-resin-200076,Buy 30g Shilajit in Pakistan – Chitral House Premium Himalayan Resin,,30g Shilajit in Pakistan – Chitral House Premium Himalayan Resin in Pakistan | Chitral Hive,Buy 30g Shilajit in Pakistan – Chitral House Premium Himalayan Resin in Salajit from Chitral Hive. Why you’ll love it: -,"Buy 30g Shilajit in Pakistan – Chitral House Premium Himalayan Resin Pakistan, buy Buy 30g Shilajit in Pakistan – Chitral House Premium Himalayan Resin online Pakistan, Buy 30g Shilajit in Pakistan – Chitral House Premium Himalayan Resin price in Pakistan, Shilajit Pakistan, Salajeet Pakistan, سلاجیت, Himalayan Shilajit, Chitral Shilajit, pure Shilajit resin, original Salajeet, Shilajit price in Pakistan, buy Shilajit online Pakistan, buy online Pakistan, price in Pakistan, original, pure, authentic, cash on delivery, home delivery, nationwide delivery, best price, latest price, Pakistan, Karachi, Lahore, Islamabad, Rawalpindi, Peshawar"
3301,60g-shilajit-30ml-drops-resin-drops-for-maximum-strength-200077,60g Shilajit + 30ml –  Drops Resin & Drops for Maximum Strength,,60g Shilajit + 30ml –  Drops Resin & Drops for Maximum Strength in Pakistan | Chitral Hive,60g Shilajit + 30ml – Drops Resin & Drops for Maximum Strength in Salajit from Chitral Hive. Why you’ll love it: - Authe,"60g Shilajit + 30ml –  Drops Resin & Drops for Maximum Strength Pakistan, buy 60g Shilajit + 30ml –  Drops Resin & Drops for Maximum Strength online Pakistan, 60g Shilajit + 30ml –  Drops Resin & Drops for Maximum Strength price in Pakistan, Shilajit Pakistan, Salajeet Pakistan, سلاجیت, Himalayan Shilajit, Chitral Shilajit, pure Shilajit resin, original Salajeet, Shilajit price in Pakistan, buy Shilajit online Pakistan, buy online Pakistan, price in Pakistan, original, pure, authentic, cash on delivery, home delivery, nationwide delivery, best price, latest price, Pakistan, Karachi, Lahore, Islamabad, Rawalpindi, Peshawar"
3302,buy-10g-shilajit-in-pakistan-pure-himalayan-resin-for-energy-wellness-200078,Buy 10g Shilajit in Pakistan – Pure Himalayan Resin for Energy & Wellness,,10g Shilajit in Pakistan – Pure Himalayan Resin for Energy & Wellness in Pakistan | Chitral Hive,Buy 10g Shilajit in Pakistan – Pure Himalayan Resin for Energy & Wellness in Salajit from Chitral Hive. Why you’ll love ,"Buy 10g Shilajit in Pakistan – Pure Himalayan Resin for Energy & Wellness Pakistan, buy Buy 10g Shilajit in Pakistan – Pure Himalayan Resin for Energy & Wellness online Pakistan, Buy 10g Shilajit in Pakistan – Pure Himalayan Resin for Energy & Wellness price in Pakistan, Shilajit Pakistan, Salajeet Pakistan, سلاجیت, Himalayan Shilajit, Chitral Shilajit, pure Shilajit resin, original Salajeet, Shilajit price in Pakistan, buy Shilajit online Pakistan, buy online Pakistan, price in Pakistan, original, pure, authentic, cash on delivery, home delivery, nationwide delivery, best price, latest price, Pakistan, Karachi, Lahore, Islamabad, Rawalpindi, Peshawar"
3303,buy-20g-shilajit-in-pakistan-chitral-house-premium-himalayan-resin-200079,Buy 20g Shilajit in Pakistan – Chitral House Premium Himalayan Resin,,20g Shilajit in Pakistan – Chitral House Premium Himalayan Resin in Pakistan | Chitral Hive,Buy 20g Shilajit in Pakistan – Chitral House Premium Himalayan Resin in Salajit from Chitral Hive. Why you’ll love it: -,"Buy 20g Shilajit in Pakistan – Chitral House Premium Himalayan Resin Pakistan, buy Buy 20g Shilajit in Pakistan – Chitral House Premium Himalayan Resin online Pakistan, Buy 20g Shilajit in Pakistan – Chitral House Premium Himalayan Resin price in Pakistan, Shilajit Pakistan, Salajeet Pakistan, سلاجیت, Himalayan Shilajit, Chitral Shilajit, pure Shilajit resin, original Salajeet, Shilajit price in Pakistan, buy Shilajit online Pakistan, buy online Pakistan, price in Pakistan, original, pure, authentic, cash on delivery, home delivery, nationwide delivery, best price, latest price, Pakistan, Karachi, Lahore, Islamabad, Rawalpindi, Peshawar"
3304,buy-30g-shilajit-in-pakistan-chitral-house-premium-himalayan-resin-200080,Buy 30g Shilajit in Pakistan – Chitral House Premium Himalayan Resin,,30g Shilajit in Pakistan – Chitral House Premium Himalayan Resin in Pakistan | Chitral Hive,Buy 30g Shilajit in Pakistan – Chitral House Premium Himalayan Resin in Salajit from Chitral Hive. Why you’ll love it: -,"Buy 30g Shilajit in Pakistan – Chitral House Premium Himalayan Resin Pakistan, buy Buy 30g Shilajit in Pakistan – Chitral House Premium Himalayan Resin online Pakistan, Buy 30g Shilajit in Pakistan – Chitral House Premium Himalayan Resin price in Pakistan, Shilajit Pakistan, Salajeet Pakistan, سلاجیت, Himalayan Shilajit, Chitral Shilajit, pure Shilajit resin, original Salajeet, Shilajit price in Pakistan, buy Shilajit online Pakistan, buy online Pakistan, price in Pakistan, original, pure, authentic, cash on delivery, home delivery, nationwide delivery, best price, latest price, Pakistan, Karachi, Lahore, Islamabad, Rawalpindi, Peshawar"
3305,buy-30ml-shilajit-drops-in-pakistan-chitral-house-premium-himalayan-liquid-200081,Buy 30ml Shilajit Drops in Pakistan – Chitral House Premium Himalayan Liquid,,30ml Shilajit Drops in Pakistan – Chitral House Premium Himalayan Liquid in Pakistan | Chitral Hive,Buy 30ml Shilajit Drops in Pakistan – Chitral House Premium Himalayan Liquid in Salajit from Chitral Hive. Why you’ll lo,"Buy 30ml Shilajit Drops in Pakistan – Chitral House Premium Himalayan Liquid Pakistan, buy Buy 30ml Shilajit Drops in Pakistan – Chitral House Premium Himalayan Liquid online Pakistan, Buy 30ml Shilajit Drops in Pakistan – Chitral House Premium Himalayan Liquid price in Pakistan, Shilajit Pakistan, Salajeet Pakistan, سلاجیت, Himalayan Shilajit, Chitral Shilajit, pure Shilajit resin, original Salajeet, Shilajit price in Pakistan, buy Shilajit online Pakistan, buy online Pakistan, price in Pakistan, original, pure, authentic, cash on delivery, home delivery, nationwide delivery, best price, latest price, Pakistan, Karachi, Lahore, Islamabad, Rawalpindi, Peshawar"
3306,buy-pure-himalayan-shilajit-salajeet-gummies-40-count-online-chitral-house-200082,Buy Pure Himalayan Shilajit (Salajeet) Gummies 40 Count Online – Chitral House,,Pure Himalayan Shilajit (Salajeet) Gummies 40 Count Online – Chitral House in Pakistan | Chitral Hive,Buy Pure Himalayan Shilajit (Salajeet) Gummies 40 Count Online – Chitral House in Salajit from Chitral Hive. Why you’ll ,"Buy Pure Himalayan Shilajit (Salajeet) Gummies 40 Count Online – Chitral House Pakistan, buy Buy Pure Himalayan Shilajit (Salajeet) Gummies 40 Count Online – Chitral House online Pakistan, Buy Pure Himalayan Shilajit (Salajeet) Gummies 40 Count Online – Chitral House price in Pakistan, Shilajit Pakistan, Salajeet Pakistan, سلاجیت, Himalayan Shilajit, Chitral Shilajit, pure Shilajit resin, original Salajeet, Shilajit price in Pakistan, buy Shilajit online Pakistan, buy online Pakistan, price in Pakistan, original, pure, authentic, cash on delivery, home delivery, nationwide delivery, best price, latest price, Pakistan, Karachi, Lahore, Islamabad, Rawalpindi, Peshawar"
3307,buy-pure-himalayan-shilajit-salajeet-gummies-60-count-online-chitral-house-200083,Buy Pure Himalayan Shilajit (Salajeet) Gummies 60 Count Online – Chitral House,,Pure Himalayan Shilajit (Salajeet) Gummies 60 Count Online – Chitral House in Pakistan | Chitral Hive,Buy Pure Himalayan Shilajit (Salajeet) Gummies 60 Count Online – Chitral House in Salajit from Chitral Hive. Why you’ll ,"Buy Pure Himalayan Shilajit (Salajeet) Gummies 60 Count Online – Chitral House Pakistan, buy Buy Pure Himalayan Shilajit (Salajeet) Gummies 60 Count Online – Chitral House online Pakistan, Buy Pure Himalayan Shilajit (Salajeet) Gummies 60 Count Online – Chitral House price in Pakistan, Shilajit Pakistan, Salajeet Pakistan, سلاجیت, Himalayan Shilajit, Chitral Shilajit, pure Shilajit resin, original Salajeet, Shilajit price in Pakistan, buy Shilajit online Pakistan, buy online Pakistan, price in Pakistan, original, pure, authentic, cash on delivery, home delivery, nationwide delivery, best price, latest price, Pakistan, Karachi, Lahore, Islamabad, Rawalpindi, Peshawar"
3308,buy-shilajit-salajeet-capsules-30-count-in-pakistan-chitral-house-200084,Buy Shilajit (Salajeet) Capsules 30 Count in Pakistan – Chitral House,,Shilajit (Salajeet) Capsules 30 Count in Pakistan – Chitral House in Pakistan | Chitral Hive,Buy Shilajit (Salajeet) Capsules 30 Count in Pakistan – Chitral House in Salajit from Chitral Hive. Why you’ll love it: ,"Buy Shilajit (Salajeet) Capsules 30 Count in Pakistan – Chitral House Pakistan, buy Buy Shilajit (Salajeet) Capsules 30 Count in Pakistan – Chitral House online Pakistan, Buy Shilajit (Salajeet) Capsules 30 Count in Pakistan – Chitral House price in Pakistan, Shilajit Pakistan, Salajeet Pakistan, سلاجیت, Himalayan Shilajit, Chitral Shilajit, pure Shilajit resin, original Salajeet, Shilajit price in Pakistan, buy Shilajit online Pakistan, buy online Pakistan, price in Pakistan, original, pure, authentic, cash on delivery, home delivery, nationwide delivery, best price, latest price, Pakistan, Karachi, Lahore, Islamabad, Rawalpindi, Peshawar"
3309,buy-shilajit-salajeet-capsules-60-count-in-pakistan-chitral-house-200085,Buy Shilajit (Salajeet) Capsules 60 Count in Pakistan – Chitral House,,Shilajit (Salajeet) Capsules 60 Count in Pakistan – Chitral House in Pakistan | Chitral Hive,Buy Shilajit (Salajeet) Capsules 60 Count in Pakistan – Chitral House in Salajit from Chitral Hive. Why you’ll love it: ,"Buy Shilajit (Salajeet) Capsules 60 Count in Pakistan – Chitral House Pakistan, buy Buy Shilajit (Salajeet) Capsules 60 Count in Pakistan – Chitral House online Pakistan, Buy Shilajit (Salajeet) Capsules 60 Count in Pakistan – Chitral House price in Pakistan, Shilajit Pakistan, Salajeet Pakistan, سلاجیت, Himalayan Shilajit, Chitral Shilajit, pure Shilajit resin, original Salajeet, Shilajit price in Pakistan, buy Shilajit online Pakistan, buy online Pakistan, price in Pakistan, original, pure, authentic, cash on delivery, home delivery, nationwide delivery, best price, latest price, Pakistan, Karachi, Lahore, Islamabad, Rawalpindi, Peshawar"
3310,complete-shilajit-salajeet-collection-4-in-1-wellness-pack-200086,Complete Shilajit (Salajeet) Collection – 4-in-1 Wellness Pack,,Complete Shilajit (Salajeet) Collection – 4-in-1 Wellness Pack in Pakistan | Chitral Hive,Complete Shilajit (Salajeet) Collection – 4-in-1 Wellness Pack in Salajit from Chitral Hive. Why you’ll love it: - Authe,"Complete Shilajit (Salajeet) Collection – 4-in-1 Wellness Pack Pakistan, buy Complete Shilajit (Salajeet) Collection – 4-in-1 Wellness Pack online Pakistan, Complete Shilajit (Salajeet) Collection – 4-in-1 Wellness Pack price in Pakistan, Shilajit Pakistan, Salajeet Pakistan, سلاجیت, Himalayan Shilajit, Chitral Shilajit, pure Shilajit resin, original Salajeet, Shilajit price in Pakistan, buy Shilajit online Pakistan, buy online Pakistan, price in Pakistan, original, pure, authentic, cash on delivery, home delivery, nationwide delivery, best price, latest price, Pakistan, Karachi, Lahore, Islamabad, Rawalpindi, Peshawar"
3313,special-offer-buy-60g-shilajit-get-10g-free-200089,Special Offer – Buy 60g Shilajit & Get 10g Free! 🎁,,Special Offer – Buy 60g Shilajit & Get 10g Free! 🎁 in Pakistan | Chitral Hive,Special Offer – Buy 60g Shilajit & Get 10g Free! 🎁 in Salajit from Chitral Hive. Why you’ll love it: - Authentic Chitra,"Special Offer – Buy 60g Shilajit & Get 10g Free! 🎁 Pakistan, buy Special Offer – Buy 60g Shilajit & Get 10g Free! 🎁 online Pakistan, Special Offer – Buy 60g Shilajit & Get 10g Free! 🎁 price in Pakistan, Shilajit Pakistan, Salajeet Pakistan, سلاجیت, Himalayan Shilajit, Chitral Shilajit, pure Shilajit resin, original Salajeet, Shilajit price in Pakistan, buy Shilajit online Pakistan, buy online Pakistan, price in Pakistan, original, pure, authentic, cash on delivery, home delivery, nationwide delivery, best price, latest price, Pakistan, Karachi, Lahore, Islamabad, Rawalpindi, Peshawar"
3314,honey-shilajit-salajeet-15-sachet-pack-pure-himalayan-salajeet-with-honey-200090,🍯 Honey Shilajit (Salajeet) 15 Sachet Pack – Pure Himalayan Salajeet with Honey,,🍯 Honey Shilajit (Salajeet) 15 Sachet Pack – Pure Himalayan Salajeet with Honey in Pakistan | Chitral Hive,🍯 Honey Shilajit (Salajeet) 15 Sachet Pack – Pure Himalayan Salajeet with Honey in Salajit from Chitral Hive. Why you’l,"🍯 Honey Shilajit (Salajeet) 15 Sachet Pack – Pure Himalayan Salajeet with Honey Pakistan, buy 🍯 Honey Shilajit (Salajeet) 15 Sachet Pack – Pure Himalayan Salajeet with Honey online Pakistan, 🍯 Honey Shilajit (Salajeet) 15 Sachet Pack – Pure Himalayan Salajeet with Honey price in Pakistan, Shilajit Pakistan, Salajeet Pakistan, سلاجیت, Himalayan Shilajit, Chitral Shilajit, pure Shilajit resin, original Salajeet, Shilajit price in Pakistan, buy Shilajit online Pakistan, buy online Pakistan, price in Pakistan, original, pure, authentic, cash on delivery, home delivery, nationwide delivery, best price, latest price, Pakistan, Karachi, Lahore, Islamabad, Rawalpindi, Peshawar"
3315,honey-shilajit-salajeet-30-sachet-pack-pure-himalayan-salajeet-with-honey-200091,🍯 Honey Shilajit (Salajeet) 30 Sachet Pack – Pure Himalayan Salajeet with Honey,,🍯 Honey Shilajit (Salajeet) 30 Sachet Pack – Pure Himalayan Salajeet with Honey in Pakistan | Chitral Hive,🍯 Honey Shilajit (Salajeet) 30 Sachet Pack – Pure Himalayan Salajeet with Honey in Salajit from Chitral Hive. Why you’l,"🍯 Honey Shilajit (Salajeet) 30 Sachet Pack – Pure Himalayan Salajeet with Honey Pakistan, buy 🍯 Honey Shilajit (Salajeet) 30 Sachet Pack – Pure Himalayan Salajeet with Honey online Pakistan, 🍯 Honey Shilajit (Salajeet) 30 Sachet Pack – Pure Himalayan Salajeet with Honey price in Pakistan, Shilajit Pakistan, Salajeet Pakistan, سلاجیت, Himalayan Shilajit, Chitral Shilajit, pure Shilajit resin, original Salajeet, Shilajit price in Pakistan, buy Shilajit online Pakistan, buy online Pakistan, price in Pakistan, original, pure, authentic, cash on delivery, home delivery, nationwide delivery, best price, latest price, Pakistan, Karachi, Lahore, Islamabad, Rawalpindi, Peshawar"
3316,premium-handwoven-shawl-for-women-handmade-embroidery-200092,Premium Handwoven Shawl for women - Handmade Embroidery,,Premium Handwoven Shawl for women - Handmade Embroidery in Pakistan | Chitral Hive,Premium Handwoven Shawl for women - Handmade Embroidery in Chitrali Wool Products from Chitral Hive. Why you’ll love it:,"Premium Handwoven Shawl for women - Handmade Embroidery Pakistan, buy Premium Handwoven Shawl for women - Handmade Embroidery online Pakistan, Premium Handwoven Shawl for women - Handmade Embroidery price in Pakistan, handicrafts Pakistan, traditional crafts, Chitrali handicrafts, handmade products Pakistan, buy handicrafts online Pakistan, buy online Pakistan, price in Pakistan, original, pure, authentic, cash on delivery, home delivery, nationwide delivery, best price, latest price, Pakistan, Karachi, Lahore, Islamabad, Rawalpindi, Peshawar, Chitral Hive"
3317,premium-handwoven-shawl-for-women-handmade-embroidery-200093,Premium Handwoven Shawl for women - Handmade Embroidery,,Premium Handwoven Shawl for women - Handmade Embroidery in Pakistan | Chitral Hive,Premium Handwoven Shawl for women - Handmade Embroidery in Chitrali Wool Products from Chitral Hive. Why you’ll love it:,"Premium Handwoven Shawl for women - Handmade Embroidery Pakistan, buy Premium Handwoven Shawl for women - Handmade Embroidery online Pakistan, Premium Handwoven Shawl for women - Handmade Embroidery price in Pakistan, handicrafts Pakistan, traditional crafts, Chitrali handicrafts, handmade products Pakistan, buy handicrafts online Pakistan, buy online Pakistan, price in Pakistan, original, pure, authentic, cash on delivery, home delivery, nationwide delivery, best price, latest price, Pakistan, Karachi, Lahore, Islamabad, Rawalpindi, Peshawar, Chitral Hive"
3318,premium-handwoven-shawl-for-women-handmade-embroidery-200094,Premium Handwoven Shawl for women - Handmade Embroidery,,Premium Handwoven Shawl for women - Handmade Embroidery in Pakistan | Chitral Hive,Premium Handwoven Shawl for women - Handmade Embroidery in Chitrali Wool Products from Chitral Hive. Why you’ll love it:,"Premium Handwoven Shawl for women - Handmade Embroidery Pakistan, buy Premium Handwoven Shawl for women - Handmade Embroidery online Pakistan, Premium Handwoven Shawl for women - Handmade Embroidery price in Pakistan, handicrafts Pakistan, traditional crafts, Chitrali handicrafts, handmade products Pakistan, buy handicrafts online Pakistan, buy online Pakistan, price in Pakistan, original, pure, authentic, cash on delivery, home delivery, nationwide delivery, best price, latest price, Pakistan, Karachi, Lahore, Islamabad, Rawalpindi, Peshawar, Chitral Hive"
3319,premium-handwoven-shawl-for-women-handmade-embroidery-200095,Premium Handwoven Shawl for women - Handmade Embroidery,,Premium Handwoven Shawl for women - Handmade Embroidery in Pakistan | Chitral Hive,Premium Handwoven Shawl for women - Handmade Embroidery in Chitrali Wool Products from Chitral Hive. Why you’ll love it:,"Premium Handwoven Shawl for women - Handmade Embroidery Pakistan, buy Premium Handwoven Shawl for women - Handmade Embroidery online Pakistan, Premium Handwoven Shawl for women - Handmade Embroidery price in Pakistan, handicrafts Pakistan, traditional crafts, Chitrali handicrafts, handmade products Pakistan, buy handicrafts online Pakistan, buy online Pakistan, price in Pakistan, original, pure, authentic, cash on delivery, home delivery, nationwide delivery, best price, latest price, Pakistan, Karachi, Lahore, Islamabad, Rawalpindi, Peshawar, Chitral Hive"
3320,premium-handwoven-shawl-for-women-handmade-embroidery-200096,Premium Handwoven Shawl for women - Handmade Embroidery,,Premium Handwoven Shawl for women - Handmade Embroidery in Pakistan | Chitral Hive,Premium Handwoven Shawl for women - Handmade Embroidery in Chitrali Wool Products from Chitral Hive. Why you’ll love it:,"Premium Handwoven Shawl for women - Handmade Embroidery Pakistan, buy Premium Handwoven Shawl for women - Handmade Embroidery online Pakistan, Premium Handwoven Shawl for women - Handmade Embroidery price in Pakistan, handicrafts Pakistan, traditional crafts, Chitrali handicrafts, handmade products Pakistan, buy handicrafts online Pakistan, buy online Pakistan, price in Pakistan, original, pure, authentic, cash on delivery, home delivery, nationwide delivery, best price, latest price, Pakistan, Karachi, Lahore, Islamabad, Rawalpindi, Peshawar, Chitral Hive"
3321,premium-handwoven-shawl-for-women-handmade-embroidery-200097,Premium Handwoven Shawl for women - Handmade Embroidery,,Premium Handwoven Shawl for women - Handmade Embroidery in Pakistan | Chitral Hive,Premium Handwoven Shawl for women - Handmade Embroidery in Chitrali Wool Products from Chitral Hive. Why you’ll love it:,"Premium Handwoven Shawl for women - Handmade Embroidery Pakistan, buy Premium Handwoven Shawl for women - Handmade Embroidery online Pakistan, Premium Handwoven Shawl for women - Handmade Embroidery price in Pakistan, handicrafts Pakistan, traditional crafts, Chitrali handicrafts, handmade products Pakistan, buy handicrafts online Pakistan, buy online Pakistan, price in Pakistan, original, pure, authentic, cash on delivery, home delivery, nationwide delivery, best price, latest price, Pakistan, Karachi, Lahore, Islamabad, Rawalpindi, Peshawar, Chitral Hive"
3322,premium-handwoven-shawl-for-women-handmade-embroidery-200098,Premium Handwoven Shawl for women - Handmade Embroidery,,Premium Handwoven Shawl for women - Handmade Embroidery in Pakistan | Chitral Hive,Premium Handwoven Shawl for women - Handmade Embroidery in Chitrali Wool Products from Chitral Hive. Why you’ll love it:,"Premium Handwoven Shawl for women - Handmade Embroidery Pakistan, buy Premium Handwoven Shawl for women - Handmade Embroidery online Pakistan, Premium Handwoven Shawl for women - Handmade Embroidery price in Pakistan, handicrafts Pakistan, traditional crafts, Chitrali handicrafts, handmade products Pakistan, buy handicrafts online Pakistan, buy online Pakistan, price in Pakistan, original, pure, authentic, cash on delivery, home delivery, nationwide delivery, best price, latest price, Pakistan, Karachi, Lahore, Islamabad, Rawalpindi, Peshawar, Chitral Hive"
3323,premium-handwoven-shawl-for-women-handmade-embroidery-200099,Premium Handwoven Shawl for women - Handmade Embroidery,,Premium Handwoven Shawl for women - Handmade Embroidery in Pakistan | Chitral Hive,Premium Handwoven Shawl for women - Handmade Embroidery in Chitrali Wool Products from Chitral Hive. Why you’ll love it:,"Premium Handwoven Shawl for women - Handmade Embroidery Pakistan, buy Premium Handwoven Shawl for women - Handmade Embroidery online Pakistan, Premium Handwoven Shawl for women - Handmade Embroidery price in Pakistan, handicrafts Pakistan, traditional crafts, Chitrali handicrafts, handmade products Pakistan, buy handicrafts online Pakistan, buy online Pakistan, price in Pakistan, original, pure, authentic, cash on delivery, home delivery, nationwide delivery, best price, latest price, Pakistan, Karachi, Lahore, Islamabad, Rawalpindi, Peshawar, Chitral Hive"
3324,premium-handwoven-shawl-for-women-handmade-embroidery-200100,Premium Handwoven Shawl for women - Handmade Embroidery,,Premium Handwoven Shawl for women - Handmade Embroidery in Pakistan | Chitral Hive,Premium Handwoven Shawl for women - Handmade Embroidery in Chitrali Wool Products from Chitral Hive. Why you’ll love it:,"Premium Handwoven Shawl for women - Handmade Embroidery Pakistan, buy Premium Handwoven Shawl for women - Handmade Embroidery online Pakistan, Premium Handwoven Shawl for women - Handmade Embroidery price in Pakistan, handicrafts Pakistan, traditional crafts, Chitrali handicrafts, handmade products Pakistan, buy handicrafts online Pakistan, buy online Pakistan, price in Pakistan, original, pure, authentic, cash on delivery, home delivery, nationwide delivery, best price, latest price, Pakistan, Karachi, Lahore, Islamabad, Rawalpindi, Peshawar, Chitral Hive"
3325,premium-handwoven-shawl-for-women-handmade-embroidery-200101,Premium Handwoven Shawl for women - Handmade Embroidery,,Premium Handwoven Shawl for women - Handmade Embroidery in Pakistan | Chitral Hive,Premium Handwoven Shawl for women - Handmade Embroidery in Chitrali Wool Products from Chitral Hive. Why you’ll love it:,"Premium Handwoven Shawl for women - Handmade Embroidery Pakistan, buy Premium Handwoven Shawl for women - Handmade Embroidery online Pakistan, Premium Handwoven Shawl for women - Handmade Embroidery price in Pakistan, handicrafts Pakistan, traditional crafts, Chitrali handicrafts, handmade products Pakistan, buy handicrafts online Pakistan, buy online Pakistan, price in Pakistan, original, pure, authentic, cash on delivery, home delivery, nationwide delivery, best price, latest price, Pakistan, Karachi, Lahore, Islamabad, Rawalpindi, Peshawar, Chitral Hive"
3326,cashmere-shawl-for-women-soft-warm-elegant-handmade-cashmere-wool-200102,"Cashmere Shawl for Women – Soft, Warm & Elegant | Handmade Cashmere Wool",,"Cashmere Shawl for Women – Soft, Warm & Elegant | Handmade Cashmere Wool in Pakistan | Chitral Hive","Cashmere Shawl for Women – Soft, Warm & Elegant | Handmade Cashmere Wool in Chitrali Wool Products from Chitral Hive. Wh","Cashmere Shawl for Women – Soft, Warm & Elegant | Handmade Cashmere Wool Pakistan, buy Cashmere Shawl for Women – Soft, Warm & Elegant | Handmade Cashmere Wool online Pakistan, Cashmere Shawl for Women – Soft, Warm & Elegant | Handmade Cashmere Wool price in Pakistan, handicrafts Pakistan, traditional crafts, Chitrali handicrafts, handmade products Pakistan, buy handicrafts online Pakistan, buy online Pakistan, price in Pakistan, original, pure, authentic, cash on delivery, home delivery, nationwide delivery, best price, latest price, Pakistan, Karachi, Lahore, Islamabad, Rawalpindi, Peshawar, Chitral Hive"
3327,cashmere-shawl-for-women-soft-warm-elegant-handmade-cashmere-wool-200103,"Cashmere Shawl for Women – Soft, Warm & Elegant | Handmade Cashmere Wool",,"Cashmere Shawl for Women – Soft, Warm & Elegant | Handmade Cashmere Wool in Pakistan | Chitral Hive","Cashmere Shawl for Women – Soft, Warm & Elegant | Handmade Cashmere Wool in Chitrali Wool Products from Chitral Hive. Wh","Cashmere Shawl for Women – Soft, Warm & Elegant | Handmade Cashmere Wool Pakistan, buy Cashmere Shawl for Women – Soft, Warm & Elegant | Handmade Cashmere Wool online Pakistan, Cashmere Shawl for Women – Soft, Warm & Elegant | Handmade Cashmere Wool price in Pakistan, handicrafts Pakistan, traditional crafts, Chitrali handicrafts, handmade products Pakistan, buy handicrafts online Pakistan, buy online Pakistan, price in Pakistan, original, pure, authentic, cash on delivery, home delivery, nationwide delivery, best price, latest price, Pakistan, Karachi, Lahore, Islamabad, Rawalpindi, Peshawar, Chitral Hive"
3328,blue-and-yellow-flower-shawl-for-women-200104,Blue and Yellow Flower shawl for women,,Blue and Yellow Flower shawl for women in Pakistan | Chitral Hive,Blue and Yellow Flower shawl for women in Chitrali Wool Products from Chitral Hive. Why you’ll love it: - Authentic Chit,"Blue and Yellow Flower shawl for women Pakistan, buy Blue and Yellow Flower shawl for women online Pakistan, Blue and Yellow Flower shawl for women price in Pakistan, handicrafts Pakistan, traditional crafts, Chitrali handicrafts, handmade products Pakistan, buy handicrafts online Pakistan, buy online Pakistan, price in Pakistan, original, pure, authentic, cash on delivery, home delivery, nationwide delivery, best price, latest price, Pakistan, Karachi, Lahore, Islamabad, Rawalpindi, Peshawar, Chitral Hive"
3329,handmade-chitrali-woolen-shawl-for-women-hand-embroidery-200105,Handmade Chitrali Woolen Shawl for Women - Hand Embroidery,,Handmade Chitrali Woolen Shawl for Women - Hand Embroidery in Pakistan | Chitral Hive,Handmade Chitrali Woolen Shawl for Women - Hand Embroidery in Chitrali Wool Products from Chitral Hive. Why you’ll love ,"Handmade Chitrali Woolen Shawl for Women - Hand Embroidery Pakistan, buy Handmade Chitrali Woolen Shawl for Women - Hand Embroidery online Pakistan, Handmade Chitrali Woolen Shawl for Women - Hand Embroidery price in Pakistan, handicrafts Pakistan, traditional crafts, Chitrali handicrafts, handmade products Pakistan, buy handicrafts online Pakistan, buy online Pakistan, price in Pakistan, original, pure, authentic, cash on delivery, home delivery, nationwide delivery, best price, latest price, Pakistan, Karachi, Lahore, Islamabad, Rawalpindi, Peshawar, Chitral Hive"
3330,handmade-chitrali-woolen-shawl-for-women-200106,Handmade Chitrali Woolen Shawl for Women,,Handmade Chitrali Woolen Shawl for Women in Pakistan | Chitral Hive,Handmade Chitrali Woolen Shawl for Women in Chitrali Wool Products from Chitral Hive. Why you’ll love it: - Authentic Ch,"Handmade Chitrali Woolen Shawl for Women Pakistan, buy Handmade Chitrali Woolen Shawl for Women online Pakistan, Handmade Chitrali Woolen Shawl for Women price in Pakistan, handicrafts Pakistan, traditional crafts, Chitrali handicrafts, handmade products Pakistan, buy handicrafts online Pakistan, buy online Pakistan, price in Pakistan, original, pure, authentic, cash on delivery, home delivery, nationwide delivery, best price, latest price, Pakistan, Karachi, Lahore, Islamabad, Rawalpindi, Peshawar, Chitral Hive"
3331,handmade-chitrali-woolen-shawl-for-women-200107,Handmade Chitrali Woolen Shawl for Women,,Handmade Chitrali Woolen Shawl for Women in Pakistan | Chitral Hive,Handmade Chitrali Woolen Shawl for Women in Chitrali Wool Products from Chitral Hive. Why you’ll love it: - Authentic Ch,"Handmade Chitrali Woolen Shawl for Women Pakistan, buy Handmade Chitrali Woolen Shawl for Women online Pakistan, Handmade Chitrali Woolen Shawl for Women price in Pakistan, handicrafts Pakistan, traditional crafts, Chitrali handicrafts, handmade products Pakistan, buy handicrafts online Pakistan, buy online Pakistan, price in Pakistan, original, pure, authentic, cash on delivery, home delivery, nationwide delivery, best price, latest price, Pakistan, Karachi, Lahore, Islamabad, Rawalpindi, Peshawar, Chitral Hive"
3332,handmade-chitrali-woolen-shawl-for-women-200108,Handmade Chitrali Woolen Shawl for Women,,Handmade Chitrali Woolen Shawl for Women in Pakistan | Chitral Hive,Handmade Chitrali Woolen Shawl for Women in Chitrali Wool Products from Chitral Hive. Why you’ll love it: - Authentic Ch,"Handmade Chitrali Woolen Shawl for Women Pakistan, buy Handmade Chitrali Woolen Shawl for Women online Pakistan, Handmade Chitrali Woolen Shawl for Women price in Pakistan, handicrafts Pakistan, traditional crafts, Chitrali handicrafts, handmade products Pakistan, buy handicrafts online Pakistan, buy online Pakistan, price in Pakistan, original, pure, authentic, cash on delivery, home delivery, nationwide delivery, best price, latest price, Pakistan, Karachi, Lahore, Islamabad, Rawalpindi, Peshawar, Chitral Hive"
3333,handmade-chitrali-woolen-shawl-for-women-200109,Handmade Chitrali Woolen Shawl for Women,,Handmade Chitrali Woolen Shawl for Women in Pakistan | Chitral Hive,Handmade Chitrali Woolen Shawl for Women in Chitrali Wool Products from Chitral Hive. Why you’ll love it: - Authentic Ch,"Handmade Chitrali Woolen Shawl for Women Pakistan, buy Handmade Chitrali Woolen Shawl for Women online Pakistan, Handmade Chitrali Woolen Shawl for Women price in Pakistan, handicrafts Pakistan, traditional crafts, Chitrali handicrafts, handmade products Pakistan, buy handicrafts online Pakistan, buy online Pakistan, price in Pakistan, original, pure, authentic, cash on delivery, home delivery, nationwide delivery, best price, latest price, Pakistan, Karachi, Lahore, Islamabad, Rawalpindi, Peshawar, Chitral Hive"
3334,premium-handwoven-shawl-for-women-handmade-embroidery-200110,Premium Handwoven Shawl for women - Handmade Embroidery,,Premium Handwoven Shawl for women - Handmade Embroidery in Pakistan | Chitral Hive,Premium Handwoven Shawl for women - Handmade Embroidery in Chitrali Wool Products from Chitral Hive. Why you’ll love it:,"Premium Handwoven Shawl for women - Handmade Embroidery Pakistan, buy Premium Handwoven Shawl for women - Handmade Embroidery online Pakistan, Premium Handwoven Shawl for women - Handmade Embroidery price in Pakistan, handicrafts Pakistan, traditional crafts, Chitrali handicrafts, handmade products Pakistan, buy handicrafts online Pakistan, buy online Pakistan, price in Pakistan, original, pure, authentic, cash on delivery, home delivery, nationwide delivery, best price, latest price, Pakistan, Karachi, Lahore, Islamabad, Rawalpindi, Peshawar, Chitral Hive"
3335,premium-cashmere-shawl-for-women-soft-warm-elegant-handmade-cashmere-wool-200111,"Premium Cashmere Shawl for Women – Soft, Warm & Elegant | Handmade Cashmere Wool",,"Premium Cashmere Shawl for Women – Soft, Warm & Elegant | Handmade Cashmere Wool in Pakistan | Chitral Hive","Premium Cashmere Shawl for Women – Soft, Warm & Elegant | Handmade Cashmere Wool in Chitrali Wool Products from Chitral ","Premium Cashmere Shawl for Women – Soft, Warm & Elegant | Handmade Cashmere Wool Pakistan, buy Premium Cashmere Shawl for Women – Soft, Warm & Elegant | Handmade Cashmere Wool online Pakistan, Premium Cashmere Shawl for Women – Soft, Warm & Elegant | Handmade Cashmere Wool price in Pakistan, handicrafts Pakistan, traditional crafts, Chitrali handicrafts, handmade products Pakistan, buy handicrafts online Pakistan, buy online Pakistan, price in Pakistan, original, pure, authentic, cash on delivery, home delivery, nationwide delivery, best price, latest price, Pakistan, Karachi, Lahore, Islamabad, Rawalpindi, Peshawar, Chitral Hive"
3336,premium-woolen-coat-for-men-handmade-200112,Premium Woolen Coat for Men - Handmade,,Premium Woolen Coat for Men - Handmade in Pakistan | Chitral Hive,Premium Woolen Coat for Men - Handmade in Chitrali Wool Products from Chitral Hive. Why you’ll love it: - Authentic Chit,"Premium Woolen Coat for Men - Handmade Pakistan, buy Premium Woolen Coat for Men - Handmade online Pakistan, Premium Woolen Coat for Men - Handmade price in Pakistan, handicrafts Pakistan, traditional crafts, Chitrali handicrafts, handmade products Pakistan, buy handicrafts online Pakistan, buy online Pakistan, price in Pakistan, original, pure, authentic, cash on delivery, home delivery, nationwide delivery, best price, latest price, Pakistan, Karachi, Lahore, Islamabad, Rawalpindi, Peshawar, Chitral Hive"
3337,chitrali-woolen-long-coat-for-men-traditional-handwoven-long-coat-from-chitral-200113,Chitrali Woolen Long Coat for Men — Traditional Handwoven Long Coat from Chitral,,Chitrali Woolen Long Coat for Men — Traditional Handwoven Long Coat from Chitral in Pakistan | Chitral Hive,Chitrali Woolen Long Coat for Men — Traditional Handwoven Long Coat from Chitral in Chitrali Wool Products from Chitral ,"Chitrali Woolen Long Coat for Men — Traditional Handwoven Long Coat from Chitral Pakistan, buy Chitrali Woolen Long Coat for Men — Traditional Handwoven Long Coat from Chitral online Pakistan, Chitrali Woolen Long Coat for Men — Traditional Handwoven Long Coat from Chitral price in Pakistan, buy online Pakistan, price in Pakistan, original, pure, authentic, cash on delivery, home delivery, nationwide delivery, best price, latest price, Pakistan, Karachi, Lahore, Islamabad, Rawalpindi, Peshawar, Chitral Hive"
3338,chitrali-woolen-long-coat-for-men-traditional-handwoven-long-coat-from-chitral-200114,Chitrali Woolen Long Coat for Men — Traditional Handwoven Long Coat from Chitral,,Chitrali Woolen Long Coat for Men — Traditional Handwoven Long Coat from Chitral in Pakistan | Chitral Hive,Chitrali Woolen Long Coat for Men — Traditional Handwoven Long Coat from Chitral in Chitrali Wool Products from Chitral ,"Chitrali Woolen Long Coat for Men — Traditional Handwoven Long Coat from Chitral Pakistan, buy Chitrali Woolen Long Coat for Men — Traditional Handwoven Long Coat from Chitral online Pakistan, Chitrali Woolen Long Coat for Men — Traditional Handwoven Long Coat from Chitral price in Pakistan, buy online Pakistan, price in Pakistan, original, pure, authentic, cash on delivery, home delivery, nationwide delivery, best price, latest price, Pakistan, Karachi, Lahore, Islamabad, Rawalpindi, Peshawar, Chitral Hive"
3339,premium-woolen-blazer-for-men-handmade-200115,Premium Woolen Blazer for Men - Handmade,,Premium Woolen Blazer for Men - Handmade in Pakistan | Chitral Hive,Premium Woolen Blazer for Men - Handmade in Chitrali Wool Products from Chitral Hive. Why you’ll love it: - Authentic Ch,"Premium Woolen Blazer for Men - Handmade Pakistan, buy Premium Woolen Blazer for Men - Handmade online Pakistan, Premium Woolen Blazer for Men - Handmade price in Pakistan, handicrafts Pakistan, traditional crafts, Chitrali handicrafts, handmade products Pakistan, buy handicrafts online Pakistan, buy online Pakistan, price in Pakistan, original, pure, authentic, cash on delivery, home delivery, nationwide delivery, best price, latest price, Pakistan, Karachi, Lahore, Islamabad, Rawalpindi, Peshawar, Chitral Hive"
3340,premium-woolen-blazer-for-men-handmade-200116,Premium Woolen Blazer for Men - Handmade,,Premium Woolen Blazer for Men - Handmade in Pakistan | Chitral Hive,Premium Woolen Blazer for Men - Handmade in Chitrali Wool Products from Chitral Hive. Why you’ll love it: - Authentic Ch,"Premium Woolen Blazer for Men - Handmade Pakistan, buy Premium Woolen Blazer for Men - Handmade online Pakistan, Premium Woolen Blazer for Men - Handmade price in Pakistan, handicrafts Pakistan, traditional crafts, Chitrali handicrafts, handmade products Pakistan, buy handicrafts online Pakistan, buy online Pakistan, price in Pakistan, original, pure, authentic, cash on delivery, home delivery, nationwide delivery, best price, latest price, Pakistan, Karachi, Lahore, Islamabad, Rawalpindi, Peshawar, Chitral Hive"
3341,premium-woolen-blazer-for-men-handmade-200117,Premium Woolen Blazer for Men - Handmade,,Premium Woolen Blazer for Men - Handmade in Pakistan | Chitral Hive,Premium Woolen Blazer for Men - Handmade in Chitrali Wool Products from Chitral Hive. Why you’ll love it: - Authentic Ch,"Premium Woolen Blazer for Men - Handmade Pakistan, buy Premium Woolen Blazer for Men - Handmade online Pakistan, Premium Woolen Blazer for Men - Handmade price in Pakistan, handicrafts Pakistan, traditional crafts, Chitrali handicrafts, handmade products Pakistan, buy handicrafts online Pakistan, buy online Pakistan, price in Pakistan, original, pure, authentic, cash on delivery, home delivery, nationwide delivery, best price, latest price, Pakistan, Karachi, Lahore, Islamabad, Rawalpindi, Peshawar, Chitral Hive"
3342,premium-woolen-waistcoat-for-men-handmade-200118,Premium Woolen Waistcoat for Men - Handmade,,Premium Woolen Waistcoat for Men - Handmade in Pakistan | Chitral Hive,Premium Woolen Waistcoat for Men - Handmade in Chitrali Wool Products from Chitral Hive. Why you’ll love it: - Authentic,"Premium Woolen Waistcoat for Men - Handmade Pakistan, buy Premium Woolen Waistcoat for Men - Handmade online Pakistan, Premium Woolen Waistcoat for Men - Handmade price in Pakistan, handicrafts Pakistan, traditional crafts, Chitrali handicrafts, handmade products Pakistan, buy handicrafts online Pakistan, buy online Pakistan, price in Pakistan, original, pure, authentic, cash on delivery, home delivery, nationwide delivery, best price, latest price, Pakistan, Karachi, Lahore, Islamabad, Rawalpindi, Peshawar, Chitral Hive"
3343,premium-woolen-waistcoat-for-men-handmade-200119,Premium Woolen Waistcoat for Men - Handmade,,Premium Woolen Waistcoat for Men - Handmade in Pakistan | Chitral Hive,Premium Woolen Waistcoat for Men - Handmade in Chitrali Wool Products from Chitral Hive. Why you’ll love it: - Authentic,"Premium Woolen Waistcoat for Men - Handmade Pakistan, buy Premium Woolen Waistcoat for Men - Handmade online Pakistan, Premium Woolen Waistcoat for Men - Handmade price in Pakistan, handicrafts Pakistan, traditional crafts, Chitrali handicrafts, handmade products Pakistan, buy handicrafts online Pakistan, buy online Pakistan, price in Pakistan, original, pure, authentic, cash on delivery, home delivery, nationwide delivery, best price, latest price, Pakistan, Karachi, Lahore, Islamabad, Rawalpindi, Peshawar, Chitral Hive"
3344,premium-woolen-waistcoat-for-men-handmade-200120,Premium Woolen Waistcoat for Men - Handmade,,Premium Woolen Waistcoat for Men - Handmade in Pakistan | Chitral Hive,Premium Woolen Waistcoat for Men - Handmade in Chitrali Wool Products from Chitral Hive. Why you’ll love it: - Authentic,"Premium Woolen Waistcoat for Men - Handmade Pakistan, buy Premium Woolen Waistcoat for Men - Handmade online Pakistan, Premium Woolen Waistcoat for Men - Handmade price in Pakistan, handicrafts Pakistan, traditional crafts, Chitrali handicrafts, handmade products Pakistan, buy handicrafts online Pakistan, buy online Pakistan, price in Pakistan, original, pure, authentic, cash on delivery, home delivery, nationwide delivery, best price, latest price, Pakistan, Karachi, Lahore, Islamabad, Rawalpindi, Peshawar, Chitral Hive"
3345,premium-woolen-blazer-for-men-handmade-200121,Premium Woolen Blazer for Men - Handmade,,Premium Woolen Blazer for Men - Handmade in Pakistan | Chitral Hive,Premium Woolen Blazer for Men - Handmade in Chitrali Wool Products from Chitral Hive. Why you’ll love it: - Authentic Ch,"Premium Woolen Blazer for Men - Handmade Pakistan, buy Premium Woolen Blazer for Men - Handmade online Pakistan, Premium Woolen Blazer for Men - Handmade price in Pakistan, handicrafts Pakistan, traditional crafts, Chitrali handicrafts, handmade products Pakistan, buy handicrafts online Pakistan, buy online Pakistan, price in Pakistan, original, pure, authentic, cash on delivery, home delivery, nationwide delivery, best price, latest price, Pakistan, Karachi, Lahore, Islamabad, Rawalpindi, Peshawar, Chitral Hive"
3348,organic-honeydew-melon-seeds-char-magaz-200124,Organic Honeydew Melon Seeds (Char Magaz),,Organic Honeydew Melon Seeds (Char Magaz) in Pakistan | Chitral Hive,Organic Honeydew Melon Seeds (Char Magaz) in Chitrali Honey from Chitral Hive. Why you’ll love it: - Authentic Chitrali ,"Organic Honeydew Melon Seeds (Char Magaz) Pakistan, buy Organic Honeydew Melon Seeds (Char Magaz) online Pakistan, Organic Honeydew Melon Seeds (Char Magaz) price in Pakistan, pure honey Pakistan, honey price in Pakistan, raw honey, Sidr honey, wild honey, organic honey, buy honey online Pakistan, buy online Pakistan, price in Pakistan, original, pure, authentic, cash on delivery, home delivery, nationwide delivery, best price, latest price, Pakistan, Karachi, Lahore, Islamabad, Rawalpindi, Peshawar, Chitral Hive"
3369,organic-honeydew-melon-seeds-char-magaz-200145,Organic Honeydew Melon Seeds (Char Magaz),,Organic Honeydew Melon Seeds (Char Magaz) in Pakistan | Chitral Hive,Organic Honeydew Melon Seeds (Char Magaz) in Chitrali Honey from Chitral Hive. Why you’ll love it: - Authentic Chitrali ,"Organic Honeydew Melon Seeds (Char Magaz) Pakistan, buy Organic Honeydew Melon Seeds (Char Magaz) online Pakistan, Organic Honeydew Melon Seeds (Char Magaz) price in Pakistan, pure honey Pakistan, honey price in Pakistan, raw honey, Sidr honey, wild honey, organic honey, buy honey online Pakistan, buy online Pakistan, price in Pakistan, original, pure, authentic, cash on delivery, home delivery, nationwide delivery, best price, latest price, Pakistan, Karachi, Lahore, Islamabad, Rawalpindi, Peshawar, Chitral Hive"
3618,dried-apricot-grade-b-300000,Dried Apricot (Grade B),,Dried Apricot (Grade B) in Pakistan | Chitral Hive,Dried Apricot (Grade B) in Dry Fruits from Chitral Hive. Why you’ll love it: - Authentic Chitrali quality - Carefully pa,"Dried Apricot (Grade B) Pakistan, buy Dried Apricot (Grade B) online Pakistan, Dried Apricot (Grade B) price in Pakistan, buy online Pakistan, price in Pakistan, original, pure, authentic, cash on delivery, home delivery, nationwide delivery, best price, latest price, Pakistan, Karachi, Lahore, Islamabad, Rawalpindi, Peshawar, Chitral Hive"
3619,pistachio-pista-maghaz-300001,Pistachio (Pista Maghaz),,Pistachio (Pista Maghaz) in Pakistan | Chitral Hive,Pistachio (Pista Maghaz) in Dry Fruits from Chitral Hive. Why you’ll love it: - Authentic Chitrali quality - Carefully p,"Pistachio (Pista Maghaz) Pakistan, buy Pistachio (Pista Maghaz) online Pakistan, Pistachio (Pista Maghaz) price in Pakistan, dry fruits Pakistan, dry fruits price in Pakistan, mixed dry fruits, premium dry fruits, buy dry fruits online Pakistan, buy online Pakistan, price in Pakistan, original, pure, authentic, cash on delivery, home delivery, nationwide delivery, best price, latest price, Pakistan, Karachi, Lahore, Islamabad, Rawalpindi, Peshawar, Chitral Hive"
3620,walnuts-akhrot-giri-300002,Walnuts | Akhrot Giri,,Walnuts | Akhrot Giri in Pakistan | Chitral Hive,Walnuts | Akhrot Giri in Dry Fruits from Chitral Hive. Why you’ll love it: - Authentic Chitrali quality - Carefully pack,"Walnuts | Akhrot Giri Pakistan, buy Walnuts | Akhrot Giri online Pakistan, Walnuts | Akhrot Giri price in Pakistan, dry fruits Pakistan, dry fruits price in Pakistan, mixed dry fruits, premium dry fruits, buy dry fruits online Pakistan, buy online Pakistan, price in Pakistan, original, pure, authentic, cash on delivery, home delivery, nationwide delivery, best price, latest price, Pakistan, Karachi, Lahore, Islamabad, Rawalpindi, Peshawar, Chitral Hive"
3621,dried-figs-grade-b-300003,Dried Figs (Grade B),,Dried Figs (Grade B) in Pakistan | Chitral Hive,Dried Figs (Grade B) in Dry Fruits from Chitral Hive. Why you’ll love it: - Authentic Chitrali quality - Carefully packe,"Dried Figs (Grade B) Pakistan, buy Dried Figs (Grade B) online Pakistan, Dried Figs (Grade B) price in Pakistan, buy online Pakistan, price in Pakistan, original, pure, authentic, cash on delivery, home delivery, nationwide delivery, best price, latest price, Pakistan, Karachi, Lahore, Islamabad, Rawalpindi, Peshawar, Chitral Hive"
3622,pistachio-300004,Pistachio,,Pistachio in Pakistan | Chitral Hive,Pistachio in Dry Fruits from Chitral Hive. Why you’ll love it: - Authentic Chitrali quality - Carefully packed for fresh,"Pistachio Pakistan, buy Pistachio online Pakistan, Pistachio price in Pakistan, dry fruits Pakistan, dry fruits price in Pakistan, mixed dry fruits, premium dry fruits, buy dry fruits online Pakistan, buy online Pakistan, price in Pakistan, original, pure, authentic, cash on delivery, home delivery, nationwide delivery, best price, latest price, Pakistan, Karachi, Lahore, Islamabad, Rawalpindi, Peshawar, Chitral Hive"
3623,dried-apricot-grade-b-300005,Dried Apricot (Grade B),,Dried Apricot (Grade B) in Pakistan | Chitral Hive,Dried Apricot (Grade B) in Dry Fruits from Chitral Hive. Why you’ll love it: - Authentic Chitrali quality - Carefully pa,"Dried Apricot (Grade B) Pakistan, buy Dried Apricot (Grade B) online Pakistan, Dried Apricot (Grade B) price in Pakistan, buy online Pakistan, price in Pakistan, original, pure, authentic, cash on delivery, home delivery, nationwide delivery, best price, latest price, Pakistan, Karachi, Lahore, Islamabad, Rawalpindi, Peshawar, Chitral Hive"
3624,dried-mulberries-white-300006,Dried Mulberries (White),,Dried Mulberries (White) in Pakistan | Chitral Hive,Dried Mulberries (White) in Dry Fruits from Chitral Hive. Why you’ll love it: - Authentic Chitrali quality - Carefully p,"Dried Mulberries (White) Pakistan, buy Dried Mulberries (White) online Pakistan, Dried Mulberries (White) price in Pakistan, buy online Pakistan, price in Pakistan, original, pure, authentic, cash on delivery, home delivery, nationwide delivery, best price, latest price, Pakistan, Karachi, Lahore, Islamabad, Rawalpindi, Peshawar, Chitral Hive"
3625,pine-nuts-unroasted-300007,Pine Nuts (Unroasted),,Pine Nuts (Unroasted) in Pakistan | Chitral Hive,Pine Nuts (Unroasted) in Dry Fruits from Chitral Hive. Why you’ll love it: - Authentic Chitrali quality - Carefully pack,"Pine Nuts (Unroasted) Pakistan, buy Pine Nuts (Unroasted) online Pakistan, Pine Nuts (Unroasted) price in Pakistan, dry fruits Pakistan, dry fruits price in Pakistan, mixed dry fruits, premium dry fruits, buy dry fruits online Pakistan, buy online Pakistan, price in Pakistan, original, pure, authentic, cash on delivery, home delivery, nationwide delivery, best price, latest price, Pakistan, Karachi, Lahore, Islamabad, Rawalpindi, Peshawar, Chitral Hive"
3626,dried-mulberries-dark-300008,Dried Mulberries (Dark),,Dried Mulberries (Dark) in Pakistan | Chitral Hive,Dried Mulberries (Dark) in Dry Fruits from Chitral Hive. Why you’ll love it: - Authentic Chitrali quality - Carefully pa,"Dried Mulberries (Dark) Pakistan, buy Dried Mulberries (Dark) online Pakistan, Dried Mulberries (Dark) price in Pakistan, buy online Pakistan, price in Pakistan, original, pure, authentic, cash on delivery, home delivery, nationwide delivery, best price, latest price, Pakistan, Karachi, Lahore, Islamabad, Rawalpindi, Peshawar, Chitral Hive"
3627,walnuts-akhrot-giri-300009,Walnuts | Akhrot Giri,,Walnuts | Akhrot Giri in Pakistan | Chitral Hive,Walnuts | Akhrot Giri in Dry Fruits from Chitral Hive. Why you’ll love it: - Authentic Chitrali quality - Carefully pack,"Walnuts | Akhrot Giri Pakistan, buy Walnuts | Akhrot Giri online Pakistan, Walnuts | Akhrot Giri price in Pakistan, dry fruits Pakistan, dry fruits price in Pakistan, mixed dry fruits, premium dry fruits, buy dry fruits online Pakistan, buy online Pakistan, price in Pakistan, original, pure, authentic, cash on delivery, home delivery, nationwide delivery, best price, latest price, Pakistan, Karachi, Lahore, Islamabad, Rawalpindi, Peshawar, Chitral Hive"
3628,almonds-kaghazi-badam-300010,Almonds | Kaghazi Badam,,Almonds | Kaghazi Badam in Pakistan | Chitral Hive,Almonds | Kaghazi Badam in Dry Fruits from Chitral Hive. Why you’ll love it: - Authentic Chitrali quality - Carefully pa,"Almonds | Kaghazi Badam Pakistan, buy Almonds | Kaghazi Badam online Pakistan, Almonds | Kaghazi Badam price in Pakistan, dry fruits Pakistan, dry fruits price in Pakistan, mixed dry fruits, premium dry fruits, buy dry fruits online Pakistan, buy online Pakistan, price in Pakistan, original, pure, authentic, cash on delivery, home delivery, nationwide delivery, best price, latest price, Pakistan, Karachi, Lahore, Islamabad, Rawalpindi, Peshawar, Chitral Hive"
3629,cashews-300011,Cashews,,Cashews in Pakistan | Chitral Hive,Cashews in Dry Fruits from Chitral Hive. Why you’ll love it: - Authentic Chitrali quality - Carefully packed for freshne,"Cashews Pakistan, buy Cashews online Pakistan, Cashews price in Pakistan, buy online Pakistan, price in Pakistan, original, pure, authentic, cash on delivery, home delivery, nationwide delivery, best price, latest price, Pakistan, Karachi, Lahore, Islamabad, Rawalpindi, Peshawar, Chitral Hive"
3630,pine-nuts-roasted-300012,Pine Nuts (Roasted),,Pine Nuts (Roasted) in Pakistan | Chitral Hive,Pine Nuts (Roasted) in Dry Fruits from Chitral Hive. Why you’ll love it: - Authentic Chitrali quality - Carefully packed,"Pine Nuts (Roasted) Pakistan, buy Pine Nuts (Roasted) online Pakistan, Pine Nuts (Roasted) price in Pakistan, dry fruits Pakistan, dry fruits price in Pakistan, mixed dry fruits, premium dry fruits, buy dry fruits online Pakistan, buy online Pakistan, price in Pakistan, original, pure, authentic, cash on delivery, home delivery, nationwide delivery, best price, latest price, Pakistan, Karachi, Lahore, Islamabad, Rawalpindi, Peshawar, Chitral Hive"
3631,kavir-dried-capers-bush-300013,Kavir (Dried Capers Bush),,Kavir (Dried Capers Bush) in Pakistan | Chitral Hive,Kavir (Dried Capers Bush) in Dry Fruits from Chitral Hive. Why you’ll love it: - Authentic Chitrali quality - Carefully ,"Kavir (Dried Capers Bush) Pakistan, buy Kavir (Dried Capers Bush) online Pakistan, Kavir (Dried Capers Bush) price in Pakistan, handicrafts Pakistan, traditional crafts, Chitrali handicrafts, handmade products Pakistan, buy handicrafts online Pakistan, buy online Pakistan, price in Pakistan, original, pure, authentic, cash on delivery, home delivery, nationwide delivery, best price, latest price, Pakistan, Karachi, Lahore, Islamabad, Rawalpindi, Peshawar, Chitral Hive"
3632,dried-mulberries-dark-300014,Dried Mulberries (Dark),,Dried Mulberries (Dark) in Pakistan | Chitral Hive,Dried Mulberries (Dark) in Dry Fruits from Chitral Hive. Why you’ll love it: - Authentic Chitrali quality - Carefully pa,"Dried Mulberries (Dark) Pakistan, buy Dried Mulberries (Dark) online Pakistan, Dried Mulberries (Dark) price in Pakistan, buy online Pakistan, price in Pakistan, original, pure, authentic, cash on delivery, home delivery, nationwide delivery, best price, latest price, Pakistan, Karachi, Lahore, Islamabad, Rawalpindi, Peshawar, Chitral Hive"
3633,pine-nuts-roasted-300015,Pine Nuts (Roasted),,Pine Nuts (Roasted) in Pakistan | Chitral Hive,Pine Nuts (Roasted) in Dry Fruits from Chitral Hive. Why you’ll love it: - Authentic Chitrali quality - Carefully packed,"Pine Nuts (Roasted) Pakistan, buy Pine Nuts (Roasted) online Pakistan, Pine Nuts (Roasted) price in Pakistan, dry fruits Pakistan, dry fruits price in Pakistan, mixed dry fruits, premium dry fruits, buy dry fruits online Pakistan, buy online Pakistan, price in Pakistan, original, pure, authentic, cash on delivery, home delivery, nationwide delivery, best price, latest price, Pakistan, Karachi, Lahore, Islamabad, Rawalpindi, Peshawar, Chitral Hive"
3634,walnuts-grade-b-300016,Walnuts (Grade B),,Walnuts (Grade B) in Pakistan | Chitral Hive,Walnuts (Grade B) in Dry Fruits from Chitral Hive. Why you’ll love it: - Authentic Chitrali quality - Carefully packed f,"Walnuts (Grade B) Pakistan, buy Walnuts (Grade B) online Pakistan, Walnuts (Grade B) price in Pakistan, dry fruits Pakistan, dry fruits price in Pakistan, mixed dry fruits, premium dry fruits, buy dry fruits online Pakistan, buy online Pakistan, price in Pakistan, original, pure, authentic, cash on delivery, home delivery, nationwide delivery, best price, latest price, Pakistan, Karachi, Lahore, Islamabad, Rawalpindi, Peshawar, Chitral Hive"
3635,dried-apricot-grade-a-300017,Dried Apricot (Grade A),,Dried Apricot (Grade A) in Pakistan | Chitral Hive,Dried Apricot (Grade A) in Dry Fruits from Chitral Hive. Why you’ll love it: - Authentic Chitrali quality - Carefully pa,"Dried Apricot (Grade A) Pakistan, buy Dried Apricot (Grade A) online Pakistan, Dried Apricot (Grade A) price in Pakistan, buy online Pakistan, price in Pakistan, original, pure, authentic, cash on delivery, home delivery, nationwide delivery, best price, latest price, Pakistan, Karachi, Lahore, Islamabad, Rawalpindi, Peshawar, Chitral Hive"
3636,dried-figs-grade-b-300018,Dried Figs (Grade B),,Dried Figs (Grade B) in Pakistan | Chitral Hive,Dried Figs (Grade B) in Dry Fruits from Chitral Hive. Why you’ll love it: - Authentic Chitrali quality - Carefully packe,"Dried Figs (Grade B) Pakistan, buy Dried Figs (Grade B) online Pakistan, Dried Figs (Grade B) price in Pakistan, buy online Pakistan, price in Pakistan, original, pure, authentic, cash on delivery, home delivery, nationwide delivery, best price, latest price, Pakistan, Karachi, Lahore, Islamabad, Rawalpindi, Peshawar, Chitral Hive"
3637,dried-mulberries-white-300019,Dried Mulberries (White),,Dried Mulberries (White) in Pakistan | Chitral Hive,Dried Mulberries (White) in Dry Fruits from Chitral Hive. Why you’ll love it: - Authentic Chitrali quality - Carefully p,"Dried Mulberries (White) Pakistan, buy Dried Mulberries (White) online Pakistan, Dried Mulberries (White) price in Pakistan, buy online Pakistan, price in Pakistan, original, pure, authentic, cash on delivery, home delivery, nationwide delivery, best price, latest price, Pakistan, Karachi, Lahore, Islamabad, Rawalpindi, Peshawar, Chitral Hive"
3638,walnuts-akhrot-giri-300020,Walnuts | Akhrot Giri,,Walnuts | Akhrot Giri in Pakistan | Chitral Hive,Walnuts | Akhrot Giri in Dry Fruits from Chitral Hive. Why you’ll love it: - Authentic Chitrali quality - Carefully pack,"Walnuts | Akhrot Giri Pakistan, buy Walnuts | Akhrot Giri online Pakistan, Walnuts | Akhrot Giri price in Pakistan, dry fruits Pakistan, dry fruits price in Pakistan, mixed dry fruits, premium dry fruits, buy dry fruits online Pakistan, buy online Pakistan, price in Pakistan, original, pure, authentic, cash on delivery, home delivery, nationwide delivery, best price, latest price, Pakistan, Karachi, Lahore, Islamabad, Rawalpindi, Peshawar, Chitral Hive"
3639,almonds-badam-giri-300021,Almonds | Badam Giri,,Almonds | Badam Giri in Pakistan | Chitral Hive,Almonds | Badam Giri in Dry Fruits from Chitral Hive. Why you’ll love it: - Authentic Chitrali quality - Carefully packe,"Almonds | Badam Giri Pakistan, buy Almonds | Badam Giri online Pakistan, Almonds | Badam Giri price in Pakistan, dry fruits Pakistan, dry fruits price in Pakistan, mixed dry fruits, premium dry fruits, buy dry fruits online Pakistan, buy online Pakistan, price in Pakistan, original, pure, authentic, cash on delivery, home delivery, nationwide delivery, best price, latest price, Pakistan, Karachi, Lahore, Islamabad, Rawalpindi, Peshawar, Chitral Hive"
3640,dried-apples-300022,Dried Apples,,Dried Apples in Pakistan | Chitral Hive,Dried Apples in Dry Fruits from Chitral Hive. Why you’ll love it: - Authentic Chitrali quality - Carefully packed for fr,"Dried Apples Pakistan, buy Dried Apples online Pakistan, Dried Apples price in Pakistan, buy online Pakistan, price in Pakistan, original, pure, authentic, cash on delivery, home delivery, nationwide delivery, best price, latest price, Pakistan, Karachi, Lahore, Islamabad, Rawalpindi, Peshawar, Chitral Hive"
3641,cashews-300023,Cashews,,Cashews in Pakistan | Chitral Hive,Cashews in Dry Fruits from Chitral Hive. Why you’ll love it: - Authentic Chitrali quality - Carefully packed for freshne,"Cashews Pakistan, buy Cashews online Pakistan, Cashews price in Pakistan, buy online Pakistan, price in Pakistan, original, pure, authentic, cash on delivery, home delivery, nationwide delivery, best price, latest price, Pakistan, Karachi, Lahore, Islamabad, Rawalpindi, Peshawar, Chitral Hive"
3642,pistachio-pista-maghaz-300024,Pistachio (Pista Maghaz),,Pistachio (Pista Maghaz) in Pakistan | Chitral Hive,Pistachio (Pista Maghaz) in Dry Fruits from Chitral Hive. Why you’ll love it: - Authentic Chitrali quality - Carefully p,"Pistachio (Pista Maghaz) Pakistan, buy Pistachio (Pista Maghaz) online Pakistan, Pistachio (Pista Maghaz) price in Pakistan, dry fruits Pakistan, dry fruits price in Pakistan, mixed dry fruits, premium dry fruits, buy dry fruits online Pakistan, buy online Pakistan, price in Pakistan, original, pure, authentic, cash on delivery, home delivery, nationwide delivery, best price, latest price, Pakistan, Karachi, Lahore, Islamabad, Rawalpindi, Peshawar, Chitral Hive"
